C=1456008633975499,D=1456008633976187
C=1456008633976843,D=1456008633977429
C=1456008633980985,D=1456008633981523
C=1456008633982261,C=1456008633982754,D=1456008633982820
D=1456008633983080
C=1456008633986921,D=1456008633987274
C=1456008633993645,D=1456008633995005
C=1456008634012994,D=1456008634013087
C=1456008634027523,D=1456008634028076
C=1456008634055914,D=1456008634056031
C=1456008634086736,D=1456008634087393
C=1456008634103819,D=1456008634103911
C=1456008634128168,D=1456008634128302
C=1456008634241143,D=1456008634241645
C=1456008634276773,D=1456008634276888
C=1456008634286238,D=1456008634286353
C=1456008634302144,D=1456008634302302
C=1456008634353796,D=1456008634354339
C=1456008634356493,D=1456008634356609
C=1456008634408841,D=1456008634408958
C=1456008634449614,D=1456008634449741
C=1456008634469667,D=1456008634470267
C=1456008634494607,D=1456008634494697
C=1456008634574439,D=1456008634574538
C=1456008634593597,D=1456008634593715
C=1456008634609770,D=1456008634609858
C=1456008634632078,D=1456008634632611
C=1456008634646790,D=1456008634646919
C=1456008634657090,D=1456008634657363
C=1456008634660494,D=1456008634661359
C=1456008634743532,D=1456008634744079
C=1456008634814633,D=1456008634814766
C=1456008634816627,D=1456008634817210
C=1456008634846114,D=1456008634846700
C=1456008634906704,D=1456008634907227
C=1456008634996117,C=1456008634996582,D=1456008634996646
D=1456008634996733
C=1456008635053228,D=1456008635053799
C=1456008635069265,D=1456008635069784
C=1456008635071448,D=1456008635072056
C=1456008635196882,D=1456008635197025
C=1456008635207616,D=1456008635208157
C=1456008635236688,D=1456008635237437
C=1456008635252705,D=1456008635252816
C=1456008635337571,D=1456008635338163
C=1456008635366901,D=1456008635367453
C=1456008635386131,D=1456008635386263
C=1456008635386795,D=1456008635387407
C=1456008635392907,D=1456008635393034
C=1456008635638116,D=1456008635638659
C=1456008635648102,D=1456008635648279
C=1456008635778363,D=1456008635778497
C=1456008635941024,D=1456008635941532
C=1456008636262063,D=1456008636262588
C=1456008636269134,D=1456008636269680
C=1456008636376472,D=1456008636377068
C=1456008636383021,D=1456008636383743
C=1456008636389358,D=1456008636389964
C=1456008636389972,D=1456008636390560
C=1456008636395295,D=1456008636395937
C=1456008636397812,D=1456008636397954
C=1456008636423279,D=1456008636423431
C=1456008636425425,D=1456008636425966
C=1456008636452572,C=1456008636452605,D=1456008636453413
D=1456008636453441
C=1456008636474303,D=1456008636474853
C=1456008636478581,D=1456008636479212
C=1456008636488062,C=1456008636488078,D=1456008636488618
C=1456008636488627,D=1456008636489213
D=1456008636489333
C=1456008636548028,D=1456008636548148
C=1456008636593509,D=1456008636593632
C=1456008636666844,D=1456008636667125
C=1456008636714767,D=1456008636715336
C=1456008636729470,D=1456008636730181
C=1456008636750064,D=1456008636750190
C=1456008636768835,D=1456008636768951
C=1456008636772664,D=1456008636773221
C=1456008636804880,D=1456008636805562
C=1456008637115341,D=1456008637115561
C=1456008637291323,D=1456008637291837
C=1456008637497292,D=1456008637497412
C=1456008637500183,D=1456008637500708
C=1456008637540040,D=1456008637540141
C=1456008637545115,D=1456008637545244
C=1456008637555761,D=1456008637555873
C=1456008637555910,D=1456008637555978
C=1456008637580283,D=1456008637580849
C=1456008637580858,D=1456008637582288
C=1456008637585143,D=1456008637585701
C=1456008637649479,D=1456008637649573
C=1456008637702716,D=1456008637703237
C=1456008637733047,D=1456008637733162
C=1456008637778217,D=1456008637778722
C=1456008637779987,D=1456008637780147
C=1456008637824966,D=1456008637825080
C=1456008637870535,D=1456008637870655
C=1456008637883010,C=1456008637883082,D=1456008637884334
D=1456008637884361
C=1456008637893706,D=1456008637894181
C=1456008637937175,D=1456008637937306
C=1456008637939589,D=1456008637940121
C=1456008637991545,D=1456008637992175
C=1456008638024680,D=1456008638025223
C=1456008638027459,D=1456008638027552
C=1456008638068256,D=1456008638069424
C=1456008638098276,D=1456008638098390
C=1456008638100148,D=1456008638100286
C=1456008638153996,D=1456008638154102
C=1456008638183365,D=1456008638183467
C=1456008638210026,D=1456008638210159
C=1456008638210709,D=1456008638210805
C=1456008638259458,D=1456008638263148
C=1456008638270629,D=1456008638271211
C=1456008638288774,D=1456008638288881
C=1456008638302124,D=1456008638302246
C=1456008638314709,D=1456008638314882
C=1456008638363755,D=1456008638364346
C=1456008638409286,D=1456008638409875
C=1456008638487673,D=1456008638487786
C=1456008638493845,D=1456008638493978
C=1456008638506449,D=1456008638506841
C=1456008638506893,D=1456008638507000
C=1456008638551422,D=1456008638551543
C=1456008638583143,D=1456008638583273
C=1456008638591398,D=1456008638591952
C=1456008638613173,D=1456008638613647
C=1456008638625156,D=1456008638626176
C=1456008638628168,D=1456008638628286
C=1456008638639830,D=1456008638639920
C=1456008638649735,C=1456008638649925,D=1456008638650357
D=1456008638650379
C=1456008638659515,D=1456008638659621
C=1456008638673564,D=1456008638673680
C=1456008638690617,D=1456008638691147
C=1456008638702493,D=1456008638702617
C=1456008638714505,D=1456008638714600
C=1456008638778257,D=1456008638778800
C=1456008638784544,D=1456008638784679
C=1456008638793217,D=1456008638794022
C=1456008638814460,D=1456008638814582
C=1456008638820627,D=1456008638820723
C=1456008638829255,C=1456008638829313,D=1456008638829481
D=1456008638829638
C=1456008638845982,D=1456008638846103
C=1456008638861692,D=1456008638861824
C=1456008638868835,D=1456008638869490
C=1456008638873927,D=1456008638874042
C=1456008638888528,D=1456008638888658
C=1456008638896632,D=1456008638897183
C=1456008638912371,D=1456008638912512
C=1456008638932217,D=1456008638932330
C=1456008638935407,D=1456008638935953
C=1456008638959184,D=1456008638959289
C=1456008638986815,D=1456008638986928
C=1456008639031522,D=1456008639031640
C=1456008639054843,D=1456008639055348
C=1456008639062717,D=1456008639062943
C=1456008639092750,D=1456008639092847
C=1456008639099940,D=1456008639100041
C=1456008639107016,D=1456008639107380
C=1456008639108632,D=1456008639108753
C=1456008639115096,D=1456008639115666
C=1456008639140395,D=1456008639140489
C=1456008639149843,D=1456008639151025
C=1456008639156932,D=1456008639157045
C=1456008639159027,D=1456008639159553
C=1456008639167002,D=1456008639167093
C=1456008639176428,D=1456008639176705
C=1456008639250015,D=1456008639250223
C=1456008741040996,D=1456008741041100
C=1456008741249368,D=1456008741249480
C=1456008741551976,D=1456008741552083
C=1456008741779075,D=1456008741779202
C=1456008741872588,D=1456008741872696
C=1456008741911137,D=1456008741911251
C=1456008741967510,D=1456008741967601
C=1456008742115970,D=1456008742116546
C=1456008742286553,D=1456008742286649
C=1456008742326844,D=1456008742326953
C=1456008742475857,D=1456008742475952
C=1456008742513900,D=1456008742514070
C=1456008742805388,D=1456008742805964
C=1456008742923314,D=1456008742923849
C=1456008743120046,D=1456008743120601
C=1456008743162124,D=1456008743162648
C=1456008743203404,D=1456008743203510
C=1456008743217583,D=1456008743217684
C=1456008743262095,D=1456008743262324
C=1456008743275602,D=1456008743275817
C=1456008743342129,D=1456008743342238
C=1456008743359149,D=1456008743359801
C=1456008743392344,D=1456008743393562
C=1456008743399956,D=1456008743400092
C=1456008743465381,D=1456008743466224
C=1456008743476042,D=1456008743476866
C=1456008743497200,D=1456008743497306
C=1456008743507679,D=1456008743507804
C=1456008743512942,D=1456008743513061
C=1456008743593556,D=1456008743594106
C=1456008743610650,D=1456008743611196
C=1456008743638029,D=1456008743638382
C=1456008743659801,D=1456008743659903
C=1456008743783712,D=1456008743784515
C=1456008743794387,D=1456008743795632
C=1456008743836148,D=1456008743836808
C=1456008743906169,D=1456008743906338
C=1456008743912150,D=1456008743912300
C=1456008744157349,D=1456008744157495
C=1456008744273414,D=1456008744274076
C=1456008744290919,D=1456008744291464
C=1456008744316821,D=1456008744317328
C=1456008744321429,D=1456008744322034
C=1456008744328579,D=1456008744329118
C=1456008744340172,D=1456008744340680
C=1456008744345216,D=1456008744345716
C=1456008744358591,D=1456008744359121
C=1456008744401988,D=1456008744402652
C=1456008744428398,D=1456008744428895
C=1456008744647604,D=1456008744648033
C=1456008744671081,C=1456008744671128,D=1456008744671746
D=1456008744672799
C=1456008744732791,D=1456008744733670
C=1456008744801556,D=1456008744802093
C=1456008744815018,D=1456008744815162
C=1456008744822260,D=1456008744822891
C=1456008744837252,D=1456008744837842
C=1456008744841678,D=1456008744842218
C=1456008744869410,D=1456008744869652
C=1456008744942197,D=1456008744942735
C=1456008745043325,D=1456008745043930
C=1456008745087009,D=1456008745087699
C=1456008745115284,D=1456008745115810
C=1456008745145775,D=1456008745146367
C=1456008745159335,D=1456008745159459
C=1456008745343911,D=1456008745344950
C=1456008745345973,D=1456008745346662
C=1456008745371641,D=1456008745372240
C=1456008745620547,D=1456008745620673
C=1456008745937012,D=1456008745937693
C=1456008745948585,D=1456008745949107
C=1456008745950866,D=1456008745950994
C=1456008745957865,D=1456008745958320
C=1456008745962471,D=1456008745962562
C=1456008746052732,D=1456008746053312
C=1456008746064223,D=1456008746064851
C=1456008746069920,D=1456008746070470
C=1456008746174944,D=1456008746175102
C=1456008746215417,D=1456008746215960
C=1456008746226025,D=1456008746226131
C=1456008746263610,D=1456008746264700
C=1456008746318641,D=1456008746319105
C=1456008746327616,D=1456008746327776
C=1456008746353007,D=1456008746353133
C=1456008746394111,D=1456008746395291
C=1456008746419201,D=1456008746419655
C=1456008746608729,D=1456008746609272
C=1456008746701764,D=1456008746701884
C=1456008746712881,D=1456008746713518
C=1456008746721465,D=1456008746722009
C=1456008746724990,D=1456008746725106
C=1456008746725964,D=1456008746726719
C=1456008746775534,D=1456008746776191
C=1456008746792480,D=1456008746792614
C=1456008746813356,D=1456008746813964
C=1456008746820260,D=1456008746820880
C=1456008746841674,D=1456008746841784
C=1456008746902268,D=1456008746902396
C=1456008746903850,D=1456008746903994
C=1456008746935185,D=1456008746935319
C=1456008746954740,D=1456008746954852
C=1456008746979376,D=1456008746979922
C=1456008746988534,D=1456008746989260
C=1456008747033498,D=1456008747033598
C=1456008747078546,D=1456008747078637
C=1456008747113583,D=1456008747113669
C=1456008747121249,D=1456008747121338
C=1456008747134020,D=1456008747134143
C=1456008747185198,D=1456008747186656
C=1456008747206609,D=1456008747206720
C=1456008747207103,D=1456008747207176
C=1456008747259038,D=1456008747259548
C=1456008747262860,D=1456008747263411
C=1456008747263480,D=1456008747263570
C=1456008747268324,D=1456008747268878
C=1456008747306412,D=1456008747306913
C=1456008747338835,D=1456008747338949
C=1456008747352700,D=1456008747353005
C=1456008747405090,D=1456008747405610
C=1456008747463860,D=1456008747463978
C=1456008747499995,D=1456008747500696
C=1456008747516005,D=1456008747516598
C=1456008747529302,D=1456008747529789
C=1456008747563281,D=1456008747563567
C=1456008747568172,D=1456008747568847
C=1456008747607617,D=1456008747609399
C=1456008747615890,D=1456008747616409
C=1456008747663005,D=1456008747663390
C=1456008747667910,D=1456008747668009
C=1456008747684235,D=1456008747684354
C=1456008747689164,D=1456008747689724
C=1456008747710567,D=1456008747710700
C=1456008747717300,D=1456008747717746
C=1456008747731462,D=1456008747731583
C=1456008747761068,D=1456008747761739
C=1456008747761852,D=1456008747761956
C=1456008747765399,D=1456008747765517
C=1456008747786615,D=1456008747786925
C=1456008747801319,D=1456008747801889
C=1456008747809873,D=1456008747810005
C=1456008747850297,D=1456008747850407
C=1456008747853680,D=1456008747854117
C=1456008747873229,C=1456008747873254,D=1456008747873799
D=1456008747873823
C=1456008747877862,D=1456008747878119
C=1456008747879707,D=1456008747880441
C=1456008747895941,D=1456008747896383
C=1456008747907568,D=1456008747908065
C=1456008747922698,D=1456008747922817
C=1456008747933212,D=1456008747933359
C=1456008747971732,D=1456008747971867
C=1456008747975631,D=1456008747975843
C=1456008747990960,D=1456008747991332
C=1456008748007092,D=1456008748007367
C=1456008748008757,D=1456008748008871
C=1456008748027420,D=1456008748028097
C=1456008748031877,C=1456008748033991,D=1456008748034125
D=1456008748035274
C=1456008748060072,D=1456008748060212
C=1456008748102716,D=1456008748102842
C=1456008748113021,D=1456008748113228
C=1456008748151355,D=1456008748151530
C=1456008748165363,D=1456008748166326
C=1456008748170245,D=1456008748170706
C=1456008748172467,D=1456008748173155
C=1456008748186391,D=1456008748186524
C=1456008748188487,D=1456008748189224
C=1456008748189233,D=1456008748189563
C=1456008748197119,D=1456008748197702
C=1456008748203771,D=1456008748203892
